<?xml version="1.0" encoding="utf-8"?>
<ApplicationInstallerManifest>
   <DefaultInstallationDirectory>/Applications/GrassLight/</DefaultInstallationDirectory>
   <ApplicationName>GrassLight</ApplicationName>
   <ExecutableName>application/GrassLight.exe</ExecutableName>
   <GUID>489fd2c3-4805-4876-8f9a-1a95eb7629c0</GUID>
   <ApplicationIcon>default_icon_48.png</ApplicationIcon>
   <Logo>default_logo.png</Logo>
   <Version>3.2</Version>
   <Summary>GrassLight 3.2 is copyright © 2024 by Richard C. Zimmerman. All rights reserved worldwide.</Summary>
   <WelcomePanelText>GrassLight 3.2
GrassLight 3.2 is copyright © 2024 by Richard C. Zimmerman. All rights reserved worldwide.

GrassLight, an experimental simulation model, is provided ‘as is’ for research purposes only. No warranties as to the accuracy, effectiveness, or applicability of the software or its data products, for any purpose whatsoever, are expressed or implied. In no case shall Richard C. Zimmerman be liable for any losses or damages, commercial or private, but not limited to special, consequential or other damages, from the use of this product.

Richard C. Zimmerman reserves the right to revise GrassLight software, User’s Guide, Technical Documentation, or other publications or products without obligation to notify any person or organization of such revision.

Richard C. ZImmerman
rzimmerm@odu.edu</WelcomePanelText>
   <MCRProducts>
      <MCRProduct>
         <ExternalProductIdentifier>35002</ExternalProductIdentifier>
      </MCRProduct>
      <MCRProduct>
         <ExternalProductIdentifier>35003</ExternalProductIdentifier>
      </MCRProduct>
      <MCRProduct>
         <ExternalProductIdentifier>35010</ExternalProductIdentifier>
      </MCRProduct>
   </MCRProducts>
</ApplicationInstallerManifest>